{"pagination":{},"meta":{"code":200},"data":[{"id":"1465974229907757892_3421301663","location":{"longitude":108.938,"id":216447432,"latitude":34.2622,"name":"Xian, China"},"caption":{"id":"17863215007097037","created_time":"1488977768","text":"终有一天你会明白的\n孤独才是生命的常态","from":{"id":"3421301663","username":"guhuo2424","profile_picture":"https://scontent.cdninstagram.com/t51.2885-19/s150x150/13398894_1777970975768382_1568622647_a.jpg","full_name":"蛊惑"}},"users_in_photo":[],"images":{"standard_resolution":{"url":"https://scontent.cdninstagram.com/t51.2885-15/sh0.08/e35/p640x640/17077549_223958668078021_3350970992288595968_n.jpg","width":640,"height":800},"thumbnail":{"url":"https://scontent.cdninstagram.com/t51.2885-15/s150x150/e35/c0.135.1080.1080/17077549_223958668078021_3350970992288595968_n.jpg","width":150,"height":150},"low_resolution":{"url":"https://scontent.cdninstagram.com/t51.2885-15/e35/p320x320/17077549_223958668078021_3350970992288595968_n.jpg","width":320,"height":400}},"comments":{"count":0},"type":"image","link":"https://www.instagram.com/p/BRYL8uHh1tE/","filter":"Gingham","user":{"id":"3421301663","username":"guhuo2424","profile_picture":"https://scontent.cdninstagram.com/t51.2885-19/s150x150/13398894_1777970975768382_1568622647_a.jpg","full_name":"蛊惑"},"user_has_liked":false,"created_time":"1488977768","attribution":null,"tags":[],"likes":{"count":0}},{"id":"1463089100751368840_3421301663","location":null,"caption":{"id":"17861214640087037","created_time":"1488633833","text":"命运主宰了我们的生活，这便是世上最大的谎言","from":{"id":"3421301663","username":"guhuo2424","profile_picture":"https://scontent.cdninstagram.com/t51.2885-19/s150x150/13398894_1777970975768382_1568622647_a.jpg","full_name":"蛊惑"}},"users_in_photo":[],"images":{"standard_resolution":{"url":"https://scontent.cdninstagram.com/t51.2885-15/s640x640/sh0.08/e35/17077740_356594528073536_8770809039362719744_n.jpg","width":640,"height":640},"thumbnail":{"url":"https://scontent.cdninstagram.com/t51.2885-15/s150x150/e35/17077740_356594528073536_8770809039362719744_n.jpg","width":150,"height":150},"low_resolution":{"url":"https://scontent.cdninstagram.com/t51.2885-15/s320x320/e35/17077740_356594528073536_8770809039362719744_n.jpg","width":320,"height":320}},"comments":{"count":0},"type":"image","link":"https://www.instagram.com/p/BRN78kNB_KI/","filter":"Aden","user":{"id":"3421301663","username":"guhuo2424","profile_picture":"https://scontent.cdninstagram.com/t51.2885-19/s150x150/13398894_1777970975768382_1568622647_a.jpg","full_name":"蛊惑"},"user_has_liked":false,"created_time":"1488633833","attribution":null,"tags":[],"likes":{"count":0}},{"id":"1456546453824806055_3421301663","location":null,"caption":{"id":"17872332277047301","created_time":"1487853889","text":"Free Time的时候喜欢转魔方，似乎不会消磨对魔方的兴趣，也不会消磨对你的欢喜。","from":{"id":"3421301663","username":"guhuo2424","profile_picture":"https://scontent.cdninstagram.com/t51.2885-19/s150x150/13398894_1777970975768382_1568622647_a.jpg","full_name":"蛊惑"}},"users_in_photo":[],"images":{"standard_resolution":{"url":"https://scontent.cdninstagram.com/t51.2885-15/s640x640/sh0.08/e35/16789905_215494758925853_7904410541148340224_n.jpg","width":640,"height":640},"thumbnail":{"url":"https://scontent.cdninstagram.com/t51.2885-15/s150x150/e35/16789905_215494758925853_7904410541148340224_n.jpg","width":150,"height":150},"low_resolution":{"url":"https://scontent.cdninstagram.com/t51.2885-15/s320x320/e35/16789905_215494758925853_7904410541148340224_n.jpg","width":320,"height":320}},"comments":{"count":0},"type":"image","link":"https://www.instagram.com/p/BQ2sUhbFRyn/","filter":"Gingham","user":{"id":"3421301663","username":"guhuo2424","profile_picture":"https://scontent.cdninstagram.com/t51.2885-19/s150x150/13398894_1777970975768382_1568622647_a.jpg","full_name":"蛊惑"},"user_has_liked":true,"created_time":"1487853889","attribution":null,"tags":[],"likes":{"count":1}},{"id":"1456539460368162591_3421301663","location":null,"caption":{"id":"17860385209086311","created_time":"1487853055","text":"学校20周年校庆，灯光的背后🎆🎉","from":{"id":"3421301663","username":"guhuo2424","profile_picture":"https://scontent.cdninstagram.com/t51.2885-19/s150x150/13398894_1777970975768382_1568622647_a.jpg","full_name":"蛊惑"}},"users_in_photo":[],"images":{"standard_resolution":{"url":"https://scontent.cdninstagram.com/t51.2885-15/s640x640/sh0.08/e35/16585248_950369431764537_6666245944444452864_n.jpg","width":640,"height":640},"thumbnail":{"url":"https://scontent.cdninstagram.com/t51.2885-15/s150x150/e35/16585248_950369431764537_6666245944444452864_n.jpg","width":150,"height":150},"low_resolution":{"url":"https://scontent.cdninstagram.com/t51.2885-15/s320x320/e35/16585248_950369431764537_6666245944444452864_n.jpg","width":320,"height":320}},"comments":{"count":0},"type":"image","link":"https://www.instagram.com/p/BQ2quwQlV8f/","filter":"X-Pro II","user":{"id":"3421301663","username":"guhuo2424","profile_picture":"https://scontent.cdninstagram.com/t51.2885-19/s150x150/13398894_1777970975768382_1568622647_a.jpg","full_name":"蛊惑"},"user_has_liked":true,"created_time":"1487853055","attribution":null,"tags":[],"likes":{"count":1}},{"id":"1455898370959022461_3421301663","location":null,"caption":{"id":"17873371681015558","created_time":"1487776632","text":"每天一画，透视图需要练习好久才能掌握细节处理。","from":{"id":"3421301663","username":"guhuo2424","profile_picture":"https://scontent.cdninstagram.com/t51.2885-19/s150x150/13398894_1777970975768382_1568622647_a.jpg","full_name":"蛊惑"}},"users_in_photo":[],"images":{"standard_resolution":{"url":"https://scontent.cdninstagram.com/t51.2885-15/s640x640/sh0.08/e35/16585115_1824017161186608_5945552755752960000_n.jpg","width":640,"height":640},"thumbnail":{"url":"https://scontent.cdninstagram.com/t51.2885-15/s150x150/e35/16585115_1824017161186608_5945552755752960000_n.jpg","width":150,"height":150},"low_resolution":{"url":"https://scontent.cdninstagram.com/t51.2885-15/s320x320/e35/16585115_1824017161186608_5945552755752960000_n.jpg","width":320,"height":320}},"comments":{"count":0},"type":"image","link":"https://www.instagram.com/p/BQ0Y9rOFRl9/","filter":"Slumber","user":{"id":"3421301663","username":"guhuo2424","profile_picture":"https://scontent.cdninstagram.com/t51.2885-19/s150x150/13398894_1777970975768382_1568622647_a.jpg","full_name":"蛊惑"},"user_has_liked":true,"created_time":"1487776632","attribution":null,"tags":[],"likes":{"count":1}},{"id":"1454992435352794368_3421301663","location":{"longitude":108.89001596964,"id":644023112,"latitude":34.21255957792,"name":"高新区"},"caption":{"id":"17872350277029200","created_time":"1487668636","text":"最近练习画画，随手画了桌子上的苹果🍎","from":{"id":"3421301663","username":"guhuo2424","profile_picture":"https://scontent.cdninstagram.com/t51.2885-19/s150x150/13398894_1777970975768382_1568622647_a.jpg","full_name":"蛊惑"}},"users_in_photo":[],"images":{"standard_resolution":{"url":"https://scontent.cdninstagram.com/t51.2885-15/s640x640/sh0.08/e35/16585225_1679650339000963_7507468083104055296_n.jpg","width":640,"height":640},"thumbnail":{"url":"https://scontent.cdninstagram.com/t51.2885-15/s150x150/e35/16585225_1679650339000963_7507468083104055296_n.jpg","width":150,"height":150},"low_resolution":{"url":"https://scontent.cdninstagram.com/t51.2885-15/s320x320/e35/16585225_1679650339000963_7507468083104055296_n.jpg","width":320,"height":320}},"comments":{"count":0},"type":"image","link":"https://www.instagram.com/p/BQxK-k8FXUA/","filter":"Slumber","user":{"id":"3421301663","username":"guhuo2424","profile_picture":"https://scontent.cdninstagram.com/t51.2885-19/s150x150/13398894_1777970975768382_1568622647_a.jpg","full_name":"蛊惑"},"user_has_liked":true,"created_time":"1487668636","attribution":null,"tags":[],"likes":{"count":1}},{"id":"1452847040459776243_3421301663","location":null,"caption":{"id":"17861952166128729","created_time":"1487412885","text":"让人赏心悦目的皮卡丘。","from":{"id":"3421301663","username":"guhuo2424","profile_picture":"https://scontent.cdninstagram.com/t51.2885-19/s150x150/13398894_1777970975768382_1568622647_a.jpg","full_name":"蛊惑"}},"users_in_photo":[],"images":{"standard_resolution":{"url":"https://scontent.cdninstagram.com/t51.2885-15/sh0.08/e35/p640x640/16789938_569957303204232_1190130468444438528_n.jpg","width":640,"height":800},"thumbnail":{"url":"https://scontent.cdninstagram.com/t51.2885-15/s150x150/e35/c0.135.1080.1080/16789938_569957303204232_1190130468444438528_n.jpg","width":150,"height":150},"low_resolution":{"url":"https://scontent.cdninstagram.com/t51.2885-15/e35/p320x320/16789938_569957303204232_1190130468444438528_n.jpg","width":320,"height":400}},"comments":{"count":0},"type":"image","link":"https://www.instagram.com/p/BQpjK-PlSDz/","filter":"Normal","user":{"id":"3421301663","username":"guhuo2424","profile_picture":"https://scontent.cdninstagram.com/t51.2885-19/s150x150/13398894_1777970975768382_1568622647_a.jpg","full_name":"蛊惑"},"user_has_liked":false,"created_time":"1487412885","attribution":null,"tags":[],"likes":{"count":0}},{"id":"1278810276763402562_3421301663","location":null,"caption":{"id":"17848562026085345","created_time":"1466666086","text":"要离开学校了，纵有万般不舍，也不得不挥泪离别。","from":{"id":"3421301663","username":"guhuo2424","profile_picture":"https://scontent.cdninstagram.com/t51.2885-19/s150x150/13398894_1777970975768382_1568622647_a.jpg","full_name":"蛊惑"}},"users_in_photo":[],"images":{"standard_resolution":{"url":"https://scontent.cdninstagram.com/t51.2885-15/s640x640/sh0.08/e35/13398739_1405126983122191_337789683_n.jpg","width":640,"height":360},"thumbnail":{"url":"https://scontent.cdninstagram.com/t51.2885-15/s150x150/e35/c236.0.608.608/13398739_1405126983122191_337789683_n.jpg","width":150,"height":150},"low_resolution":{"url":"https://scontent.cdninstagram.com/t51.2885-15/s320x320/e35/13398739_1405126983122191_337789683_n.jpg","width":320,"height":180}},"comments":{"count":0},"type":"image","link":"https://www.instagram.com/p/BG_PyvZmgFC/","filter":"Normal","user":{"id":"3421301663","username":"guhuo2424","profile_picture":"https://scontent.cdninstagram.com/t51.2885-19/s150x150/13398894_1777970975768382_1568622647_a.jpg","full_name":"蛊惑"},"user_has_liked":true,"created_time":"1466666086","attribution":null,"tags":[],"likes":{"count":4}},{"id":"1278810230198239551_3421301663","location":null,"caption":{"id":"17857204204061071","created_time":"1466666080","text":"随手一拍，挺有感觉啊","from":{"id":"3421301663","username":"guhuo2424","profile_picture":"https://scontent.cdninstagram.com/t51.2885-19/s150x150/13398894_1777970975768382_1568622647_a.jpg","full_name":"蛊惑"}},"users_in_photo":[],"images":{"standard_resolution":{"url":"https://scontent.cdninstagram.com/t51.2885-15/s640x640/sh0.08/e35/13437364_263907250637870_1561452014_n.jpg","width":640,"height":640},"thumbnail":{"url":"https://scontent.cdninstagram.com/t51.2885-15/s150x150/e35/13437364_263907250637870_1561452014_n.jpg","width":150,"height":150},"low_resolution":{"url":"https://scontent.cdninstagram.com/t51.2885-15/s320x320/e35/13437364_263907250637870_1561452014_n.jpg","width":320,"height":320}},"comments":{"count":0},"type":"image","link":"https://www.instagram.com/p/BG_PyECGgE_/","filter":"Gingham","user":{"id":"3421301663","username":"guhuo2424","profile_picture":"https://scontent.cdninstagram.com/t51.2885-19/s150x150/13398894_1777970975768382_1568622647_a.jpg","full_name":"蛊惑"},"user_has_liked":false,"created_time":"1466666080","attribution":null,"tags":[],"likes":{"count":0}},{"id":"1273990252030722489_3421301663","location":{"longitude":108.9158309275,"id":158931719,"latitude":34.17935442,"name":"西安欧亚学院"},"caption":{"id":"17848432117127175","created_time":"1466091494","text":"逛颐和园拍的一张照片，有点像江南古镇的感觉，分享给大家。","from":{"id":"3421301663","username":"guhuo2424","profile_picture":"https://scontent.cdninstagram.com/t51.2885-19/s150x150/13398894_1777970975768382_1568622647_a.jpg","full_name":"蛊惑"}},"users_in_photo":[],"images":{"standard_resolution":{"url":"https://scontent.cdninstagram.com/t51.2885-15/s640x640/sh0.08/e35/13413189_957374464384058_853212058_n.jpg","width":640,"height":360},"thumbnail":{"url":"https://scontent.cdninstagram.com/t51.2885-15/s150x150/e35/c236.0.608.608/13413189_957374464384058_853212058_n.jpg","width":150,"height":150},"low_resolution":{"url":"https://scontent.cdninstagram.com/t51.2885-15/s320x320/e35/13413189_957374464384058_853212058_n.jpg","width":320,"height":180}},"comments":{"count":2},"type":"image","link":"https://www.instagram.com/p/BGuH2JjmgG5/","filter":"Normal","user":{"id":"3421301663","username":"guhuo2424","profile_picture":"https://scontent.cdninstagram.com/t51.2885-19/s150x150/13398894_1777970975768382_1568622647_a.jpg","full_name":"蛊惑"},"user_has_liked":true,"created_time":"1466091494","attribution":null,"tags":[],"likes":{"count":8}}]}